CoC Code,State Name,CoC Name,County Name,Homeless Count,Avg. Rent Price,Poverty Count,Poverty Pct.,Unemployed Count,Unemployed Pct.,Education Count No HS Diploma,Education Count No College
AL-500,Alabama,shelby,shelby,943,1373.73008,17306,7,2519,2,9632,29933
AL-500,Alabama,st.clair,st.clair,943,none,11652,12,1079,2,8873,22302
AL-500,Alabama,jefferson,jefferson,943,1165.249692,110131,16,11361,3,41479,121180
AL-500,Alabama,birmingham,jefferson,943,1165.249692,110131,16,11361,3,41479,121180
AL-501,Alabama,baldwin,baldwin,585,1449.134951,25526,10,2919,2,14555,44342
AL-501,Alabama,mobile,mobile,585,1032.782958,74061,18,8806,4,34027,95988
AL-502,Alabama,florence,lauderdale,232,none,14838,16,1320,3,7275,22572
AL-503,Alabama,huntsville,madison,549,1313.863671,39316,10,5060,2,21084,50364
AL-504,Alabama,montgomery,montgomery,278,1076.019994,47309,21,5009,4,18715,39384
AL-505,Alabama,gadsden,etowah,190,none,17605,17,1576,4,10014,24491
AL-506,Alabama,tuscaloosa,tuscaloosa,40,1228.495703,31735,14,3593,3,14563,41868
AR-500,Arkansas,littlerock,pulaski,859,969.3753954,68564,17,9139,4,23083,69538
AR-501,Arkansas,fayetteville,washington,343,1273.948019,30035,12,3745,2,20070,40952
AR-508,Arkansas,fortsmith,sebastian,374,915.6884395,24574,19,2054,3,13214,25325
AZ-501,Arizona,pima,pima,2227,1316.026075,151169,14,24720,5,74468,149641
AZ-501,Arizona,tucson,pima,2227,1316.026075,151169,14,24720,5,74468,149641
AZ-502,Arizona,maricopa,maricopa,9026,1632.398462,502224,11,107123,4,326737,644940
AZ-502,Arizona,mesa,maricopa,9026,1632.398462,502224,11,107123,4,326737,644940
AZ-502,Arizona,phoenix,maricopa,9026,1632.398462,502224,11,107123,4,326737,644940
CA-500,California,santaclara,santaclara,10028,2990.161497,128955,6,48641,4,145904,184860
CA-500,California,sanjose,losangeles,10028,2458.3544,1365808,14,445871,8,1381447,1411475
CA-501,California,sanfrancisco,sanfrancisco,7754,3130.164135,90898,11,none,none,77300,78359
CA-502,California,alameda,alameda,9747,2645.71641,152654,9,49494,6,131272,198825
CA-502,California,berkeley,alameda,9747,2645.71641,152654,9,49494,6,131272,198825
CA-502,California,oakland,alameda,9747,2645.71641,152654,9,49494,6,131272,198825
CA-503,California,sacramento,sacramento,9278,1942.882886,203413,13,49870,6,127455,235075
CA-504,California,sonoma,sonoma,2893,2349.724311,43661,9,13511,5,38619,65278
CA-504,California,petaluma,sonoma,2893,2349.724311,43661,9,13511,5,38619,65278
CA-504,California,santarosa,ventura,2893,2657.835991,73968,8,25229,6,82625,113615
CA-505,California,contracosta,contracosta,3093,2772.011165,100948,8,34702,6,82564,140633
CA-505,California,richmond,contracosta,3093,2772.011165,100948,8,34702,6,82564,140633
CA-506,California,sanbenito,sanbenito,2404,none,5899,8,2325,7,6901,11037
CA-506,California,monterey,monterey,2404,2267.464986,50725,12,17556,8,75771,56912
CA-506,California,salinas,monterey,2404,2267.464986,50725,12,17556,8,75771,56912
CA-507,California,marin,marin,1121,3695.784349,19734,7,5890,4,12672,19589
CA-508,California,santacruz,santacruz,2299,2815.517606,27132,10,9222,6,21102,28627
CA-508,California,watsonville,santacruz,2299,2815.517606,27132,10,9222,6,21102,28627
CA-509,California,mendocino,mendocino,830,none,14539,16,2318,6,8704,17147
CA-510,California,stanislaus,stanislaus,1857,1780.435627,76921,14,20039,8,69960,104577
CA-510,California,modesto,stanislaus,1857,1780.435627,76921,14,20039,8,69960,104577
CA-510,California,turlock,stanislaus,1857,1780.435627,76921,14,20039,8,69960,104577
CA-511,California,sanjoaquin,sanjoaquin,2319,2233.396778,95382,12,28929,8,96216,140468
CA-511,California,stockton,sanjoaquin,2319,2233.396778,95382,12,28929,8,96216,140468
CA-512,California,sanmateo,sanmateo,1808,3073.034513,49900,6,20069,4,50652,82159
CA-512,California,daly,sanmateo,1808,3073.034513,49900,6,20069,4,50652,82159
CA-513,California,tulare,tulare,1235,1335.812767,88367,18,21337,10,76249,73748
CA-513,California,kings,kings,1235,none,24295,17,5375,9,24856,24622
CA-513,California,visalia,tulare,1235,1335.812767,88367,18,21337,10,76249,73748
CA-514,California,madera,madera,4216,none,31044,20,5474,8,27789,22929
CA-514,California,fresno,fresno,4216,1569.896625,193449,19,40637,9,136835,140532
CA-515,California,placer,placer,750,2295.490829,26816,6,9622,5,14584,49539
CA-515,California,rocklin,placer,750,2295.490829,26816,6,9622,5,14584,49539
CA-515,California,roseville,placer,750,2295.490829,26816,6,9622,5,14584,49539
CA-516,California,sierra,sierra,1837,none,398,12,80,6,130,681
CA-516,California,modoc,modoc,1837,none,1688,19,230,7,955,2136
CA-516,California,delnorte,delnorte,1837,none,5368,21,710,7,3825,6101
CA-516,California,plumas,plumas,1837,none,2545,13,705,9,820,4108
CA-516,California,lassen,lassen,1837,none,4805,18,557,6,4853,7891
CA-516,California,redding,shasta,1837,1280.604174,25141,14,5043,6,11492,33218
CA-517,California,napa,napa,495,2712.923625,11814,9,4161,6,14541,17698
CA-518,California,solano,solano,1179,2191.265588,44037,10,14885,7,34837,74274
CA-518,California,vallejo,solano,1179,2191.265588,44037,10,14885,7,34837,74274
CA-519,California,butte,butte,1006,1416.81123,33874,16,6360,6,13734,31704
CA-519,California,paradise,butte,1006,1416.81123,33874,16,6360,6,13734,31704
CA-519,California,chico,butte,1006,1416.81123,33874,16,6360,6,13734,31704
CA-520,California,merced,merced,855,1808.278813,61359,21,11896,10,49054,43880
CA-521,California,yolo,yolo,746,2115.171161,30708,14,6331,5,15832,22654
CA-521,California,woodland,yolo,746,2115.171161,30708,14,6331,5,15832,22654
CA-521,California,davis,yolo,746,2115.171161,30708,14,6331,5,15832,22654
CA-522,California,humboldt,humboldt,1648,none,25781,19,3713,6,8451,21654
CA-523,California,trinity,trinity,340,none,3010,19,289,6,764,4800
CA-523,California,colusa,colusa,340,none,2466,11,1338,12,3719,4246
CA-524,California,sutter,sutter,1094,none,15224,15,4059,8,13202,15907
CA-524,California,yuba,yuba,1094,none,12784,15,2611,8,9568,11785
CA-525,California,eldorado,eldorado,511,2211.885625,16839,8,5326,5,7421,28993
CA-526,California,tuolumne,tuolumne,625,none,6848,13,1460,7,3344,10658
CA-526,California,mariposa,mariposa,625,none,2387,14,558,7,1233,3028
CA-526,California,calaveras,calaveras,625,none,6198,13,1249,5,3214,10815
CA-526,California,amador,amador,625,none,4104,11,1007,7,2757,9724
CA-527,California,tehama,tehama,291,none,10107,15,1844,7,6389,13014
CA-529,California,lake,lake,339,none,11196,16,2170,7,6548,14601
CA-530,California,mono,mono,140,none,1278,9,568,6,1214,2124
CA-530,California,inyo,inyo,140,none,2382,12,492,6,1088,4188
CA-530,California,alpine,alpine,140,none,194,15,42,8,61,249
CA-531,California,nevada,nevada,527,none,12141,11,2677,5,3827,14963
CA-600,California,losangeles,losangeles,65111,2458.3544,1365808,14,445871,8,1381447,1411475
CA-601,California,sandiego,sandiego,8427,2493.61412,340522,10,100289,6,263063,409660
CA-602,California,orange,orange,5718,2525.04903,309402,9,93355,6,294180,378888
CA-602,California,anaheim,orange,5718,2525.04903,309402,9,93355,6,294180,378888
CA-602,California,santaana,orange,5718,2525.04903,309402,9,93355,6,294180,378888
CA-603,California,santabarbara,santabarbara,1962,2753.016086,65029,15,12707,5,50274,47957
CA-603,California,santamaria,santabarbara,1962,2753.016086,65029,15,12707,5,50274,47957
CA-604,California,kern,kern,1603,1415.435109,164169,18,38280,9,132826,152266
CA-604,California,bakersfield,kern,1603,1415.435109,164169,18,38280,9,132826,152266
CA-606,California,long,losangeles,3296,2458.3544,1365808,14,445871,8,1381447,1411475
CA-607,California,pasadena,losangeles,512,2458.3544,1365808,14,445871,8,1381447,1411475
CA-608,California,riverside,riverside,3316,2198.444065,282068,11,83003,7,267525,423504
CA-609,California,sanbernardino,sanbernardino,3333,2120.395991,285474,13,73618,7,260315,370115
CA-611,California,ventura,ventura,2248,2657.835991,73968,8,25229,6,82625,113615
CA-611,California,sanbuenaventura,ventura,2248,2657.835991,73968,8,25229,6,82625,113615
CA-611,California,oxnard,ventura,2248,2657.835991,73968,8,25229,6,82625,113615
CA-612,California,glendale,losangeles,225,2458.3544,1365808,14,445871,8,1381447,1411475
CA-613,California,imperial,imperial,1057,none,29738,17,12052,17,32595,28187
CA-614,California,sanluisobispo,sanluisobispo,1448,2204.179839,35120,13,7220,5,15354,37215
CO-503,Colorado,denver,denver,6884,1785.493466,82086,11,none,none,51244,82175
CO-504,Colorado,elpaso,elpaso,1406,1628.761019,68718,9,20158,5,26185,92459
CO-504,Colorado,coloradosprings,elpaso,1406,1628.761019,68718,9,20158,5,26185,92459
CO-505,Colorado,weld,weld,792,1576.94526,32543,9,9622,5,24878,53024
CO-505,Colorado,larimer,larimer,792,1661.910099,39476,11,9837,4,8680,41169
CO-505,Colorado,loveland,larimer,792,1661.910099,39476,11,9837,4,8680,41169
CO-505,Colorado,greeley,weld,792,1576.94526,32543,9,9622,5,24878,53024
CO-505,Colorado,fortcollins,larimer,792,1661.910099,39476,11,9837,4,8680,41169
CT-503,Connecticut,fairfield,fairfield,603,2453.307877,85452,9,28470,6,64225,136454
CT-503,Connecticut,norwalk,fairfield,603,2453.307877,85452,9,28470,6,64225,136454
CT-503,Connecticut,stamford,fairfield,603,2453.307877,85452,9,28470,6,64225,136454
CT-503,Connecticut,bridgeport,fairfield,603,2453.307877,85452,9,28470,6,64225,136454
DC-500,District of Columbia,districtofcolumbia,districtofcolumbia,4410,2201.447197,107307,16,107307,16,none,none
FL-500,Florida,sarasota,sarasota,1138,1882.42259,37895,8,7553,4,21710,91967
FL-500,Florida,manatee,manatee,1138,1722.817076,40642,9,7342,4,28955,86428
FL-500,Florida,bradenton,manatee,1138,1722.817076,40642,9,7342,4,28955,86428
FL-500,Florida,sarasota,sarasota,1138,1882.42259,37895,8,7553,4,21710,91967
FL-501,Florida,borough,borough,1513,1710.781816,208765,14,33235,4,107589,262090
FL-501,Florida,tampa,borough,1513,1710.781816,208765,14,33235,4,107589,262090
FL-502,Florida,pinellas,pinellas,1985,1571.437188,115468,12,19820,4,58225,197083
FL-502,Florida,largo,pinellas,1985,1571.437188,115468,12,19820,4,58225,197083
FL-502,Florida,clearwater,pinellas,1985,1571.437188,115468,12,19820,4,58225,197083
FL-502,Florida,st.petersburg,pinellas,1985,1571.437188,115468,12,19820,4,58225,197083
FL-503,Florida,polk,polk,506,1527.791432,115547,15,17786,5,67511,167752
FL-503,Florida,winterhaven,polk,506,1527.791432,115547,15,17786,5,67511,167752
FL-503,Florida,lakeland,polk,506,1527.791432,115547,15,17786,5,67511,167752
FL-504,Florida,flagler,flagler,865,1651.753612,12373,10,2291,4,6736,28142
FL-504,Florida,volusia,volusia,865,1492.541457,75803,13,12013,4,36146,126964
FL-504,Florida,daytona,volusia,865,1492.541457,75803,13,12013,4,36146,126964
FL-504,Florida,daytona,volusia,865,1492.541457,75803,13,12013,4,36146,126964
FL-505,Florida,walton,walton,403,1882.877508,9632,12,1223,3,4753,15313
FL-505,Florida,okaloosa,okaloosa,403,1668.981236,20091,9,3395,3,10222,35339
FL-505,Florida,fortwalton,okaloosa,403,1668.981236,20091,9,3395,3,10222,35339
FL-506,Florida,leon,leon,621,1122.385797,45137,16,6606,4,11864,33154
FL-506,Florida,tallahassee,leon,621,1122.385797,45137,16,6606,4,11864,33154
FL-507,Florida,seminole,seminole,2151,1573.365805,43726,9,10133,4,19249,67983
FL-507,Florida,osceola,osceola,2151,1690.50599,53195,13,11573,6,33743,74371
FL-507,Florida,orange,orange,2151,1618.972624,208064,14,38293,5,100495,231759
FL-507,Florida,orlando,orange,2151,1618.972624,208064,14,38293,5,100495,231759
FL-508,Florida,putnam,putnam,925,none,19159,26,1670,6,9495,21983
FL-508,Florida,alachua,alachua,925,1302.422716,50668,19,5269,3,11583,34518
FL-508,Florida,gainesville,alachua,925,1302.422716,50668,19,5269,3,11583,34518
FL-509,Florida,martin,martin,846,1841.04978,17768,11,2686,3,9692,31120
FL-509,Florida,indianriver,indianriver,846,2121.370952,18938,11,3140,4,10875,33926
FL-509,Florida,st.lucie,st.lucie,846,none,38819,11,7490,5,27918,74500
FL-509,Florida,fortpierce,st.lucie,846,none,38819,11,7490,5,27918,74500
FL-510,Florida,clay,clay,1279,1588.657456,17574,8,3904,3,12043,42300
FL-510,Florida,duval,duval,1279,1402.807702,146090,14,22305,4,64073,189218
FL-510,Florida,jacksonville,duval,1279,1402.807702,146090,14,22305,4,64073,189218
FL-511,Florida,santarosa,santarosa,727,1708.814945,16609,8,3021,3,9992,35172
FL-511,Florida,escambia,escambia,727,1366.790342,56350,18,6704,4,20274,58926
FL-511,Florida,pensacola,escambia,727,1366.790342,56350,18,6704,4,20274,58926
FL-512,Florida,st.johns,st.johns,349,none,18142,6,4436,3,10023,41159
FL-513,Florida,brevard,brevard,916,1550.478259,68879,11,11944,4,33648,118401
FL-513,Florida,melbourne,brevard,916,1550.478259,68879,11,11944,4,33648,118401
FL-513,Florida,palmbay,brevard,916,1550.478259,68879,11,11944,4,33648,118401
FL-514,Florida,marion,marion,455,1290.065511,50984,13,7127,5,32053,98785
FL-514,Florida,ocala,marion,455,1290.065511,50984,13,7127,5,32053,98785
FL-515,Florida,jackson,jackson,378,none,8499,20,801,4,5848,14007
FL-515,Florida,bay,bay,378,1514.401871,24383,13,3391,4,12820,36401
FL-515,Florida,panama,bay,378,1514.401871,24383,13,3391,4,12820,36401
FL-517,Florida,highlands,highlands,650,1052.054977,15428,15,2094,5,10983,28122
FL-517,Florida,hardee,hardee,650,none,5268,21,437,4,3940,7693
FL-517,Florida,hendry,hendry,650,none,8678,21,977,6,7692,8913
FL-518,Florida,suwannee,suwannee,488,none,8648,20,796,4,5264,12489
FL-518,Florida,lafayette,lafayette,488,none,1360,18,113,4,1577,2549
FL-518,Florida,hamilton,hamilton,488,none,2933,25,254,6,2504,4752
FL-518,Florida,columbia,columbia,488,none,10722,16,1353,4,6451,17405
FL-519,Florida,pasco,pasco,589,1717.395299,67129,11,11088,4,38259,133623
FL-520,Florida,sumter,sumter,745,none,12096,9,1888,5,8925,34680
FL-520,Florida,lake,lake,745,1709.567216,39022,10,7570,4,26743,87063
FL-520,Florida,hernando,hernando,745,1504.089982,23828,12,3812,5,15830,48346
FL-520,Florida,citrus,citrus,745,1244.527926,24173,15,2743,5,12231,46072
FL-600,Florida,dade,pasco,3276,1717.395299,67129,11,11088,4,38259,133623
FL-600,Florida,miami,miami-dade,3276,2159.467468,398855,15,73437,5,335701,506656
FL-601,Florida,broward,broward,2054,1927.151445,244519,12,50735,4,137900,368968
FL-601,Florida,lauderdale,broward,2054,1927.151445,244519,12,50735,4,137900,368968
FL-602,Florida,charlotte,charlotte,148,1612.51989,20910,10,3276,4,12677,51705
FL-602,Florida,puntagorda,charlotte,148,1612.51989,20910,10,3276,4,12677,51705
FL-603,Florida,lee,lee,560,1544.584561,95012,12,15215,4,58139,175221
FL-603,Florida,capecoral,lee,560,1544.584561,95012,12,15215,4,58139,175221
FL-604,Florida,monroe,monroe,526,2876.844035,8907,11,1387,3,5113,17890
FL-605,Florida,palm,palm,1404,2027.441965,171280,11,32198,4,118849,254306
FL-605,Florida,palm,palm,1404,2027.441965,171280,11,32198,4,118849,254306
FL-606,Florida,collier,collier,462,1976.073518,39843,10,6796,3,30001,74930
FL-606,Florida,naples,collier,462,1976.073518,39843,10,6796,3,30001,74930
GA-500,Georgia,atlanta,fulton,2017,1682.78768,142028,13,25924,4,48660,118809
GA-502,Georgia,fulton,fulton,273,1682.78768,142028,13,25924,4,48660,118809
GA-503,Georgia,clarke,clarke,283,1258.993342,25418,21,2256,3,7515,14054
GA-503,Georgia,athens,clarke,283,1258.993342,25418,21,2256,3,7515,14054
GA-504,Georgia,richmond,richmond,549,1084.936614,41249,21,4436,5,18444,43200
GA-504,Georgia,augusta,richmond,549,1084.936614,41249,21,4436,5,18444,43200
GA-505,Georgia,russell,barrow,243,1620.775674,8262,9,1237,2,6650,18643
GA-505,Georgia,muscogee,muscogee,243,997.00134,40496,20,4005,5,15462,35732
GA-505,Georgia,columbus,muscogee,243,997.00134,40496,20,4005,5,15462,35732
GA-506,Georgia,cobb,cobb,380,1617.285504,72765,9,13746,3,36579,93670
GA-506,Georgia,marietta,cobb,380,1617.285504,72765,9,13746,3,36579,93670
GA-507,Georgia,chatham,chatham,523,1391.364603,43618,15,6161,4,18800,48789
GA-507,Georgia,savannah,chatham,523,1391.364603,43618,15,6161,4,18800,48789
GA-508,Georgia,dekalb,dekalb,565,1543.887524,108081,14,18123,4,48218,106060
HI-501,Hawaii,honolulu,honolulu,3945,2408.570599,96646,10,none,none,51255,180820
IA-500,Iowa,woodbury,woodbury,212,none,15992,15,2136,3,8231,21887
IA-500,Iowa,dakota,humboldt,212,none,954,10,156,3,463,2530
IA-500,Iowa,sioux,sioux,212,none,2212,6,480,2,1690,6203
IA-502,Iowa,polk,polk,606,1057.611287,49300,10,10877,4,24393,80903
IA-502,Iowa,desmoines,desmoines,606,none,5014,13,1051,5,1923,8759
ID-500,Idaho,ada,ada,620,1657.811623,43285,8,8545,3,16433,68936
ID-500,Idaho,boise,boise,620,none,962,12,196,5,317,1841
IL-500,Illinois,mchenry,mchenry,92,1699.97633,18456,6,7808,4,13717,55145
IL-501,Illinois,boone,boone,406,none,5341,10,2179,8,4575,11504
IL-501,Illinois,winnebago,winnebago,406,910.5582181,39659,14,11394,8,22994,60897
IL-501,Illinois,dekalb,dekalb,406,1017.778806,13529,14,3068,5,4404,15101
IL-501,Illinois,rockford,winnebago,406,910.5582181,39659,14,11394,8,22994,60897
IL-502,Illinois,lake,lake,431,1659.08096,58626,8,19650,5,43130,94568
IL-502,Illinois,chicago,dupage,431,1639.456649,62952,6,22777,4,41827,116233
IL-502,Illinois,waukegan,lake,431,1659.08096,58626,8,19650,5,43130,94568
IL-503,Illinois,champaign,champaign,137,941.6873661,28582,15,5435,5,6294,25720
IL-503,Illinois,rantoul,champaign,137,941.6873661,28582,15,5435,5,6294,25720
IL-503,Illinois,urbana,champaign,137,941.6873661,28582,15,5435,5,6294,25720
IL-503,Illinois,champaign,champaign,137,941.6873661,28582,15,5435,5,6294,25720
IL-504,Illinois,madison,madison,96,866.2463888,29596,11,6587,5,13030,54017
IL-506,Illinois,will,will,219,1847.514645,54149,7,20467,5,39246,119617
IL-506,Illinois,bolingbrook,will,219,1847.514645,54149,7,20467,5,39246,119617
IL-506,Illinois,joliet,will,219,1847.514645,54149,7,20467,5,39246,119617
IL-507,Illinois,woodford,woodford,337,none,2484,6,740,4,1484,7280
IL-507,Illinois,peoria,peoria,337,897.5237528,28357,16,6002,7,9588,33607
IL-507,Illinois,tazewell,tazewell,337,none,11918,9,3140,5,6260,28037
IL-507,Illinois,fulton,fulton,337,none,4629,15,841,5,2595,9143
IL-507,Illinois,pekin,tazewell,337,none,11918,9,3140,5,6260,28037
IL-507,Illinois,peoria,peoria,337,897.5237528,28357,16,6002,7,9588,33607
IL-508,Illinois,st.clair,st.clair,197,none,33300,13,7683,6,13631,48222
IL-508,Illinois,belleville,st.clair,197,none,33300,13,7683,6,13631,48222
IL-508,Illinois,st.louis,st.clair,197,none,33300,13,7683,6,13631,48222
IL-510,Illinois,chicago,dupage,3875,1639.456649,62952,6,22777,4,41827,116233
IL-511,Illinois,cook,cook,1096,1734.083407,703874,13,181692,6,439740,820019
IL-512,Illinois,bloomington,mclean,241,845.940992,21514,13,4038,4,4190,24299
IL-513,Illinois,sangamon,sangamon,264,939.9288822,27610,14,5534,5,9898,37873
IL-513,Illinois,springfield,sangamon,264,939.9288822,27610,14,5534,5,9898,37873
IL-514,Illinois,dupage,dupage,555,1639.456649,62952,6,22777,4,41827,116233
IL-516,Illinois,macon,macon,93,none,16893,17,3585,7,5926,25424
IL-516,Illinois,decatur,macon,93,none,16893,17,3585,7,5926,25424
IL-517,Illinois,kane,kane,391,1625.790199,43982,8,15615,6,47621,76989
IL-517,Illinois,elgin,kane,391,1625.790199,43982,8,15615,6,47621,76989
IL-517,Illinois,aurora,kane,391,1625.790199,43982,8,15615,6,47621,76989
IL-518,Illinois,moline,rockisland,280,693.5494999,22803,16,3858,5,10918,29460
IL-518,Illinois,rockisland,rockisland,280,693.5494999,22803,16,3858,5,10918,29460
IN-503,Indiana,indianapolis,marion,1761,1142.855155,143143,15,24213,4,83635,175662
KS-502,Kansas,sedgwick,sedgwick,690,923.9372011,68690,13,11813,4,35387,89149
KS-502,Kansas,wichita,wichita,690,none,231,11,23,2,208,490
KS-503,Kansas,shawnee,shawnee,365,840.9017085,25426,14,2910,3,8279,36966
KS-503,Kansas,topeka,shawnee,365,840.9017085,25426,14,2910,3,8279,36966
KS-505,Kansas,johnson,johnson,212,1370.463301,36111,5,9502,2,15307,56510
KS-505,Kansas,shawnee,shawnee,212,840.9017085,25426,14,2910,3,8279,36966
KS-505,Kansas,overlandpark,johnson,212,1370.463301,36111,5,9502,2,15307,56510
KY-501,Kentucky,jefferson,jefferson,1080,1130.441037,110325,14,17820,4,47255,142247
KY-501,Kentucky,louisville,daviess,1080,none,13621,13,1884,4,6247,23268
KY-502,Kentucky,fayette,fayette,715,1116.246157,45319,14,6391,3,15977,39476
KY-502,Kentucky,lexington,fayette,715,1116.246157,45319,14,6391,3,15977,39476
LA-500,Louisiana,lafayette,lafayette,351,none,none,none,none,none,none,none
LA-502,Louisiana,bossier,bossier,255,none,none,none,none,none,none,none
LA-502,Louisiana,shreveport,caddo,255,none,none,none,none,none,none,none
LA-503,Louisiana,jeffersonparish,jeffersonparish,1214,1402.684927,75278,17,12561,6,40816,90304
LA-503,Louisiana,neworleans,orleans,1214,none,none,none,none,none,none,none
LA-505,Louisiana,monroe,ouachita,136,none,none,none,none,none,none,none
LA-506,Louisiana,slidell,st.tammany,611,none,none,none,none,none,none,none
LA-507,Louisiana,alexandria,rapides,75,none,none,none,none,none,none,none
MA-500,Massachusetts,boston,suffolk,4439,2589.022817,133563,18,25985,5,71809,115175
MA-502,Massachusetts,lynn,essex,851,2060.179751,75743,9,25894,6,57431,136493
MA-504,Massachusetts,hampden,hampden,2294,1369.100344,76268,17,16383,7,44183,96780
MA-504,Massachusetts,springfield,hampden,2294,1369.100344,76268,17,16383,7,44183,96780
MA-505,Massachusetts,newbedford,bristol,370,1508.565477,67318,11,18833,6,57348,122075
MA-506,Massachusetts,worcester,worcester,1277,1599.250712,83218,10,25108,5,50122,159573
MA-507,Massachusetts,hampshire,hampshire,542,1750.869997,16221,11,4044,4,4744,21612
MA-507,Massachusetts,franklin,franklin,542,none,7464,10,1965,4,3450,15077
MA-507,Massachusetts,berkshire,berkshire,542,1225.16636,13454,10,4002,6,6625,27808
MA-507,Massachusetts,pittsfield,berkshire,542,1225.16636,13454,10,4002,6,6625,27808
MA-509,Massachusetts,cambridge,middlesex,440,2548.761384,120205,7,40599,4,73449,206435
MA-510,Massachusetts,essex,essex,none,2060.179751,75743,9,25894,6,57431,136493
MA-510,Massachusetts,salem,essex,none,2060.179751,75743,9,25894,6,57431,136493
MA-510,Massachusetts,haverhill,essex,none,2060.179751,75743,9,25894,6,57431,136493
MA-510,Massachusetts,gloucester,essex,none,2060.179751,75743,9,25894,6,57431,136493
MA-511,Massachusetts,plymouth,plymouth,1008,2074.604351,39035,7,16678,5,25872,98953
MA-511,Massachusetts,brockton,plymouth,1008,2074.604351,39035,7,16678,5,25872,98953
MA-511,Massachusetts,quincy,norfolk,1008,2316.337627,48469,6,19373,5,29456,91670
MA-515,Massachusetts,fallriver,bristol,361,1508.565477,67318,11,18833,6,57348,122075
MA-519,Massachusetts,bristol,bristol,293,1508.565477,67318,11,18833,6,57348,122075
MA-519,Massachusetts,taunton,bristol,293,1508.565477,67318,11,18833,6,57348,122075
MA-519,Massachusetts,attleboro,bristol,293,1508.565477,67318,11,18833,6,57348,122075
MD-501,Maryland,baltimore,baltimore,1597,1520.797617,1455.453219,81334,9,23252,5,49577
MD-502,Maryland,harford,harford,none,1550.391527,19813,7,6171,4,11297,47168
MD-503,Maryland,annearundel,annearundel,307,1968.2763,35719,6,13722,4,26594,90783
MD-503,Maryland,annapolis,annearundel,307,1968.2763,35719,6,13722,4,26594,90783
MD-504,Maryland,howard,howard,165,1873.874876,20724,6,7501,4,10307,28642
MD-505,Maryland,baltimore,baltimore,468,1520.797617,1455.453219,81334,9,23252,5,49577
MD-506,Maryland,carroll,carroll,76,1551.76769,9212,5,3636,3,7445,33819
MD-509,Maryland,frederick,frederick,216,1763.068178,18065,6,5989,4,12892,43666
MD-513,Maryland,worcester,worcester,237,none,5379,10,1879,7,2875,11941
MD-513,Maryland,somerset,somerset,237,none,4608,23,615,6,2791,6068
MD-513,Maryland,wicomico,wicomico,237,1379.593707,14083,14,2832,5,7957,20614
MD-600,Maryland,princegeorge's,princegeorge's,533,1738.009603,106832,11,33897,6,83413,166067
MD-601,Maryland,montgomery,montgomery,581,1978.106533,88627,8,27658,5,63938,95734
MI-501,Michigan,detroit,monroe,1691,none,14570,9,4351,6,9276,36909
MI-502,Michigan,wayne,wayne,166,1169.822466,344903,19,62335,7,149959,358049
MI-502,Michigan,land,wayne,166,1169.822466,344903,19,62335,7,149959,358049
MI-502,Michigan,dearbornheights,wayne,166,1169.822466,344903,19,62335,7,149959,358049
MI-502,Michigan,dearborn,wayne,166,1169.822466,344903,19,62335,7,149959,358049
MI-503,Michigan,macomb,macomb,272,1130.391405,100776,11,25773,5,59857,182867
MI-503,Michigan,warren,macomb,272,1130.391405,100776,11,25773,5,59857,182867
MI-503,Michigan,st.clairshores,macomb,272,1130.391405,100776,11,25773,5,59857,182867
MI-504,Michigan,oakland,oakland,320,1437.275142,98665,7,30661,4,48382,164045
MI-504,Michigan,royaloak,oakland,320,1437.275142,98665,7,30661,4,48382,164045
MI-504,Michigan,pontiac,oakland,320,1437.275142,98665,7,30661,4,48382,164045
MI-505,Michigan,genesee,genesee,360,901.3349591,65045,16,13063,7,24774,88331
MI-505,Michigan,flint,genesee,360,901.3349591,65045,16,13063,7,24774,88331
MI-506,Michigan,kent,kent,1044,1280.638634,64334,9,16377,4,34424,104608
MI-506,Michigan,wyoming,kent,1044,1280.638634,64334,9,16377,4,34424,104608
MI-506,Michigan,grandrapids,kent,1044,1280.638634,64334,9,16377,4,34424,104608
MI-507,Michigan,kalamazoo,kalamazoo,488,1110.319863,35688,14,6436,5,9380,37053
MI-507,Michigan,portage,kalamazoo,488,1110.319863,35688,14,6436,5,9380,37053
MI-508,Michigan,ingham,ingham,515,953.133075,42168,15,7923,5,11032,37572
MI-508,Michigan,lansing,ingham,515,953.133075,42168,15,7923,5,11032,37572
MI-508,Michigan,lansing,ingham,515,953.133075,42168,15,7923,5,11032,37572
MI-509,Michigan,washtenaw,washtenaw,211,1645.452434,43132,12,8185,4,10043,34379
MI-510,Michigan,saginaw,saginaw,313,none,38006,20,5676,7,12429,42795
MI-511,Michigan,lenawee,lenawee,158,none,10508,11,2437,5,5911,25545
MI-512,Michigan,leelanau,leelanau,164,none,1499,6,519,5,632,3618
MI-512,Michigan,antrim,antrim,164,none,2412,10,684,6,1214,5486
MI-512,Michigan,grandtraverse,grandtraverse,164,none,8330,8,2392,5,3305,15170
MI-514,Michigan,calhoun,calhoun,218,none,17864,13,3841,6,8213,32606
MI-514,Michigan,battlecreek,calhoun,218,none,17864,13,3841,6,8213,32606
MI-515,Michigan,monroe,monroe,111,none,14570,9,4351,6,9276,36909
MI-516,Michigan,muskegon,muskegon,135,none,24759,14,5511,7,10020,41547
MI-516,Michigan,nortonshores,muskegon,135,none,24759,14,5511,7,10020,41547
MI-517,Michigan,jackson,jackson,90,none,18075,11,4105,5,9178,38277
MI-518,Michigan,livingston,livingston,97,1465.566026,10009,5,4247,4,5547,34379
MI-519,Michigan,ottawa,ottawa,200,1334.71335,21846,7,6402,4,11495,48490
MI-519,Michigan,holland,ottawa,200,1334.71335,21846,7,6402,4,11495,48490
MI-523,Michigan,eaton,eaton,68,none,9406,8,2889,5,3912,20296
MN-500,Minnesota,hennepin,hennepin,2678,1530.052524,124666,10,26512,3,54200,138698
MN-500,Minnesota,minneapolis,hennepin,2678,1530.052524,124666,10,26512,3,54200,138698
MN-501,Minnesota,ramsey,ramsey,1713,1337.884778,68409,13,11924,4,33267,74670
MN-501,Minnesota,st.paul,ramsey,1713,1337.884778,68409,13,11924,4,33267,74670
MN-502,Minnesota,rochester,olmsted,485,1356.128177,12458,7,2826,3,5482,21345
MN-503,Minnesota,carver,carver,746,1698.645681,4979,4,1769,3,2634,12397
MN-503,Minnesota,scott,scott,746,1653.823814,7034,4,2795,3,4921,19853
MN-503,Minnesota,washington,washington,746,1691.331131,13900,5,4628,3,6702,34884
MN-503,Minnesota,anoka,anoka,746,1478.635934,24537,6,7388,3,14435,67611
MN-503,Minnesota,dakota,dakota,746,1516.334247,22043,5,8354,3,14490,59045
MN-505,Minnesota,st.cloud,stearns,916,1116.934252,20682,13,3538,4,7563,26506
MN-508,Minnesota,moorhead,clay,253,none,8064,12,1093,3,2030,8818
MN-509,Minnesota,st.louis,st.louis,555,none,26441,13,4177,4,7360,34695
MN-509,Minnesota,duluth,st.louis,555,none,26441,13,4177,4,7360,34695
MO-500,Missouri,st.louis,st.louis,371,none,102288,10,21927,4,41053,146718
MO-501,Missouri,st.louis,st.louis,1147,none,102288,10,21927,4,41053,146718
MO-503,Missouri,warren,warren,425,none,2850,7,724,3,2920,9183
MO-503,Missouri,lincoln,lincoln,425,none,5657,9,1261,4,3596,15996
MO-503,Missouri,st.charles,st.charles,425,none,21239,5,7361,3,12718,63606
MO-600,Missouri,webster,webster,517,none,5857,15,561,3,3198,9724
MO-600,Missouri,christian,christian,517,none,7564,8,1410,3,4443,17079
MO-600,Missouri,greene,greene,517,1032.443657,38292,13,4866,3,13820,54625
MO-600,Missouri,springfield,greene,517,1032.443657,38292,13,4866,3,13820,54625
MO-602,Missouri,newton,newton,231,none,8784,15,963,3,4288,13968
MO-602,Missouri,jasper,jasper,231,none,20272,16,1992,3,9967,27173
MO-602,Missouri,joplin,jasper,231,none,20272,16,1992,3,9967,27173
MO-603,Missouri,dekalb,dekalb,148,none,1234,13,149,3,892,3965
MO-603,Missouri,buchanan,buchanan,148,none,14831,18,1530,3,6079,22170
MO-603,Missouri,andrew,andrew,148,none,1543,8,274,2,813,4713
MO-603,Missouri,st.joseph,buchanan,148,none,14831,18,1530,3,6079,22170
MO-604,Missouri,jackson,jackson,none,1130.67087,92796,13,18229,5,41977,136438
MO-604,Missouri,independence,jackson,none,1130.67087,92796,13,18229,5,41977,136438
MO-604,Missouri,kansas,clay,none,1193.372585,20470,8,6380,4,10957,46008
MS-500,Mississippi,madison,madison,654,1313.362646,12447,11,2242,4,5610,12197
MS-500,Mississippi,rankin,rankin,654,1264.344328,16460,10,2722,3,11018,25766
MS-500,Mississippi,jackson,jackson,654,1090.624752,21019,14,3452,5,11074,27711
MS-503,Mississippi,gulfport,harrison,200,1038.289175,36796,18,4708,5,15165,39204
NC-500,North Carolina,forsyth,forsyth,429,1379.02407,53575,14,9135,5,27441,64200
NC-500,North Carolina,salem,burke,429,none,12185,14,1821,4,10710,20051
NC-501,North Carolina,buncombe,buncombe,637,1516.168332,30954,11,5792,4,16059,45409
NC-501,North Carolina,asheville,buncombe,637,1516.168332,30954,11,5792,4,16059,45409
NC-502,North Carolina,durham,durham,459,1441.655729,41987,13,7305,4,22320,38304
NC-504,North Carolina,highpoint,guilford,426,1251.702833,70898,13,14402,5,35186,82609
NC-504,North Carolina,greensboro,guilford,426,1251.702833,70898,13,14402,5,35186,82609
NC-505,North Carolina,mecklenburg,mecklenburg,1761,1506.472253,113013,10,30529,4,68244,123146
NC-505,North Carolina,charlotte,mecklenburg,1761,1506.472253,113013,10,30529,4,68244,123146
NC-506,North Carolina,pender,pender,347,none,6668,10,1254,4,4495,11156
NC-506,North Carolina,newhanover,newhanover,347,1397.538365,26307,11,5300,4,9653,29894
NC-506,North Carolina,brunswick,brunswick,347,1411.574797,13997,9,3289,6,7671,29757
NC-506,North Carolina,wilmington,newhanover,347,1397.538365,26307,11,5300,4,9653,29894
NC-507,North Carolina,wake,wake,1534,1483.53024,105694,9,24117,4,47387,108711
NC-507,North Carolina,raleigh,wake,1534,1483.53024,105694,9,24117,4,47387,108711
NC-509,North Carolina,lincoln,lincoln,497,none,7830,8,1819,4,6855,18770
NC-509,North Carolina,gaston,gaston,497,1401.485188,33888,14,5705,5,20864,47150
NC-509,North Carolina,cleveland,cleveland,497,none,17757,18,2553,5,9305,23769
NC-509,North Carolina,gastonia,gaston,497,1401.485188,33888,14,5705,5,20864,47150
NC-511,North Carolina,cumberland,cumberland,475,1138.773078,50499,15,8628,6,16602,55060
NC-511,North Carolina,fayetteville,cumberland,475,1138.773078,50499,15,8628,6,16602,55060
NC-513,North Carolina,orange,orange,133,1372.02939,16964,12,2817,3,5787,11847
NC-513,North Carolina,chapelhill,orange,133,1372.02939,16964,12,2817,3,5787,11847
NC-516,North Carolina,carolina,newhanover,193,1397.538365,26307,11,5300,4,9653,29894
NE-501,Nebraska,omaha,douglas,1346,1113.04669,67277,11,9776,3,33257,78693
NE-502,Nebraska,lincoln,lincoln,418,none,3729,11,441,2,1475,7331
NH-501,New Hampshire,manchester,borough,513,1643.545073,30217,7,8294,3,21212,76529
NH-502,New Hampshire,borough,borough,241,1643.545073,30217,7,8294,3,21212,76529
NH-502,New Hampshire,nashua,borough,241,1643.545073,30217,7,8294,3,21212,76529
NJ-500,New Jersey,atlantic,atlantic,343,1520.863082,40786,15,12017,9,23333,61970
NJ-501,New Jersey,bergen,bergen,306,2317.542514,70847,7,31060,6,47805,143874
NJ-502,New Jersey,burlington,burlington,585,1793.655345,34379,7,13558,5,19683,87753
NJ-503,New Jersey,cumberland,cumberland,994,none,20814,14,5505,8,20134,40994
NJ-503,New Jersey,capemay,capemay,994,none,8437,9,4349,9,4282,22516
NJ-503,New Jersey,gloucester,gloucester,994,1742.047546,23243,7,9972,6,13216,65461
NJ-503,New Jersey,camden,camden,994,1508.336763,62053,12,18786,7,38904,104746
NJ-504,New Jersey,essex,essex,1914,1761.422241,126387,15,31962,8,76672,160988
NJ-504,New Jersey,newark,hudson,1914,2468.046102,109996,15,26180,7,67627,121831
NJ-506,New Jersey,hudson,hudson,665,2468.046102,109996,15,26180,7,67627,121831
NJ-506,New Jersey,bayonne,hudson,665,2468.046102,109996,15,26180,7,67627,121831
NJ-506,New Jersey,jersey,hudson,665,2468.046102,109996,15,26180,7,67627,121831
NJ-507,New Jersey,middlesex,middlesex,586,1986.374244,67146,8,27312,6,59639,142301
NJ-507,New Jersey,newbrunswick,middlesex,586,1986.374244,67146,8,27312,6,59639,142301
NJ-508,New Jersey,monmouth,monmouth,453,2504.742482,47491,7,19851,5,26629,99443
NJ-509,New Jersey,morris,morris,351,2512.564029,28395,5,13828,5,19500,68137
NJ-510,New Jersey,ocean,ocean,419,2273.589449,73139,11,18355,6,30778,143516
NJ-511,New Jersey,passaic,passaic,374,1917.852691,71951,14,21608,8,51861,117593
NJ-511,New Jersey,paterson,passaic,374,1917.852691,71951,14,21608,8,51861,117593
NJ-512,New Jersey,salem,salem,20,none,7684,12,2331,7,4324,17413
NJ-513,New Jersey,somerset,somerset,220,2083.518001,18705,5,9400,5,13619,46231
NJ-514,New Jersey,mercer,mercer,533,2110.381178,38024,10,11624,5,27089,65735
NJ-514,New Jersey,trenton,mercer,533,2110.381178,38024,10,11624,5,27089,65735
NJ-515,New Jersey,union,union,675,2043.503467,52354,9,19823,6,49584,108536
NJ-515,New Jersey,elizabeth,union,675,2043.503467,52354,9,19823,6,49584,108536
NJ-516,New Jersey,hunterdon,hunterdon,314,1871.237744,5115,4,3213,4,3999,18549
NJ-516,New Jersey,sussex,sussex,314,none,8765,6,4753,6,4850,31010
NJ-516,New Jersey,warren,warren,314,1512.739411,10140,9,3407,5,5349,24963
NM-500,New Mexico,albuquerque,bernalillo,1277,1233.308756,100775,15,21668,6,45471,104898
NV-500,Nevada,clark,clark,5645,1553.334402,341367,15,87220,7,208620,428431
NV-500,Nevada,lasvegas,clark,5645,1553.334402,341367,15,87220,7,208620,428431
NV-501,Nevada,washoe,washoe,1605,1743.698406,53423,11,10313,4,38258,79277
NV-501,Nevada,sparks,washoe,1605,1743.698406,53423,11,10313,4,38258,79277
NV-501,Nevada,reno,washoe,1605,1743.698406,53423,11,10313,4,38258,79277
NY-500,New York,monroe,monroe,748,1221.218864,96950,13,18857,5,46804,121141
NY-500,New York,rochester,monroe,748,1221.218864,96950,13,18857,5,46804,121141
NY-501,New York,schuyler,schuyler,497,none,2394,13,403,4,1220,4650
NY-501,New York,chemung,chemung,497,none,11843,14,1839,5,6285,20455
NY-501,New York,livingston,livingston,497,none,6734,12,1320,4,3421,12917
NY-501,New York,allegany,allegany,497,none,6110,14,969,5,2702,10579
NY-501,New York,steuben,steuben,497,none,12570,13,2099,5,5659,23375
NY-501,New York,elmira,chemung,497,none,11843,14,1839,5,6285,20455
NY-503,New York,albany,albany,734,1249.143021,35631,11,7015,4,15177,44863
NY-505,New York,cayuga,cayuga,712,none,10696,14,1691,4,6635,17969
NY-505,New York,oswego,oswego,712,none,17710,15,2899,5,8256,29943
NY-505,New York,onondaga,onondaga,712,1255.239462,64695,14,10964,4,28245,82746
NY-505,New York,auburn,cayuga,712,none,10696,14,1691,4,6635,17969
NY-505,New York,syracuse,onondaga,712,1255.239462,64695,14,10964,4,28245,82746
NY-507,New York,schenectady,schenectady,289,1132.212291,19944,12,3835,4,9470,29584
NY-508,New York,wyoming,wyoming,856,none,3483,9,819,4,3432,11187
NY-508,New York,genesee,genesee,856,none,5349,9,1273,4,3096,16063
NY-508,New York,orleans,orleans,856,none,6113,16,891,5,3866,12062
NY-508,New York,niagara,niagara,856,764.8200524,27106,13,5510,5,12783,48485
NY-508,New York,erie,erie,856,1167.979187,126486,13,23998,5,52956,175869
NY-508,New York,niagarafalls,niagara,856,764.8200524,27106,13,5510,5,12783,48485
NY-508,New York,buffalo,erie,856,1167.979187,126486,13,23998,5,52956,175869
NY-510,New York,tompkins,tompkins,152,1443.302262,14936,16,1875,3,3135,10847
NY-510,New York,ithaca,tompkins,152,1443.302262,14936,16,1875,3,3135,10847
NY-511,New York,tioga,tioga,483,none,5569,11,992,4,2537,12438
NY-511,New York,cortland,cortland,483,none,4710,11,1144,5,2927,9035
NY-511,New York,delaware,delaware,483,none,6757,15,893,4,3282,13047
NY-511,New York,chenango,chenango,483,none,6086,13,972,4,3810,14001
NY-511,New York,otsego,otsego,483,none,7367,13,1221,4,2845,12789
NY-511,New York,broome,broome,483,895.3115668,26337,14,4332,5,12413,40251
NY-511,New York,binghamton,broome,483,895.3115668,26337,14,4332,5,12413,40251
NY-512,New York,rensselaer,rensselaer,148,1124.811289,19087,12,3599,4,8773,31059
NY-512,New York,troy,rensselaer,148,1124.811289,19087,12,3599,4,8773,31059
NY-513,New York,yates,yates,372,none,2482,10,450,3,2286,5693
NY-513,New York,seneca,seneca,372,none,4194,13,721,4,3738,8166
NY-513,New York,ontario,ontario,372,none,8524,7,2389,4,5358,20288
NY-513,New York,wayne,wayne,372,none,8981,10,1951,4,6281,21139
NY-514,New York,chautauqua,chautauqua,108,none,20925,17,2980,5,9568,31002
NY-514,New York,dunkirk,chautauqua,108,none,20925,17,2980,5,9568,31002
NY-514,New York,jamestown,chautauqua,108,none,20925,17,2980,5,9568,31002
NY-518,New York,madison,madison,244,none,6594,10,1494,4,3371,16439
NY-518,New York,oneida,oneida,244,none,30993,14,5153,5,17958,49484
NY-518,New York,rome,oneida,244,none,30993,14,5153,5,17958,49484
NY-518,New York,utica,oneida,244,none,30993,14,5153,5,17958,49484
NY-519,New York,greene,greene,114,none,5354,11,1024,5,4359,13319
NY-519,New York,columbia,columbia,114,none,6333,10,1179,3,4131,13856
NY-520,New York,essex,essex,43,none,4022,11,806,4,2562,9713
NY-520,New York,franklin,franklin,43,none,7042,16,923,4,4068,12979
NY-522,New York,st.lawrence,st.lawrence,130,none,14680,15,2245,5,8203,25640
NY-522,New York,lewis,lewis,130,none,3312,12,591,5,1644,8038
NY-522,New York,jefferson,jefferson,130,1172.90445,13592,12,2248,5,6605,24284
NY-523,New York,hamilton,hamilton,222,none,491,9,101,4,809,1074
NY-523,New York,warren,warren,222,none,6601,10,1543,4,4183,13854
NY-523,New York,washington,washington,222,none,7120,12,1279,4,5108,17596
NY-523,New York,saratoga,saratoga,222,1472.167742,18123,7,4616,3,10652,40688
NY-523,New York,saratogasprings,saratoga,222,1472.167742,18123,7,4616,3,10652,40688
NY-523,New York,glensfalls,saratoga,222,1472.167742,18123,7,4616,3,10652,40688
NY-600,New York,newyork,newyork,61840,3072.757027,2703053,14,264938,17,70041,7
NY-601,New York,dutchess,dutchess,636,1728.667988,27106,9,6457,4,17701,54838
NY-601,New York,poughkeepsie,dutchess,636,1728.667988,27106,9,6457,4,17701,54838
NY-602,New York,orange,orange,339,1770.521349,47939,12,8812,4,25676,72736
NY-602,New York,middletown,orange,339,1770.521349,47939,12,8812,4,25676,72736
NY-603,New York,suffolk,suffolk,3034,3045.587918,95569,6,35997,4,102304,274855
NY-603,New York,nassau,nassau,3034,2963.029475,83489,6,32156,4,80511,211529
NY-604,New York,chester,chester,1356,2583.05684,91529,9,23473,4,77286,127801
NY-604,New York,mountvernon,chester,1356,2583.05684,91529,9,23473,4,77286,127801
NY-604,New York,yonkers,chester,1356,2583.05684,91529,9,23473,4,77286,127801
NY-606,New York,rockland,rockland,106,2504.744314,50989,15,6905,4,23304,46259
NY-608,New York,ulster,ulster,409,1519.967981,19822,11,4098,4,11452,37702
NY-608,New York,kingston,ulster,409,1519.967981,19822,11,4098,4,11452,37702
OH-500,Ohio,hamilton,hamilton,1081,1150.19568,126383,15,20207,4,45008,144656
OH-500,Ohio,cincinnati,hamilton,1081,1150.19568,126383,15,20207,4,45008,144656
OH-501,Ohio,lucas,lucas,494,950.5255652,73260,17,12707,6,28873,87399
OH-501,Ohio,toledo,lucas,494,950.5255652,73260,17,12707,6,28873,87399
OH-502,Ohio,cuyahoga,cuyahoga,1574,1189.79134,197374,16,37341,6,82746,243671
OH-502,Ohio,cleveland,cuyahoga,1574,1189.79134,197374,16,37341,6,82746,243671
OH-503,Ohio,franklin,franklin,1912,1276.588789,184504,14,35125,5,75031,210885
OH-503,Ohio,columbus,franklin,1912,1276.588789,184504,14,35125,5,75031,210885
OH-504,Ohio,mahoning,mahoning,174,753.4094293,42174,19,6257,6,14030,61455
OH-504,Ohio,youngstown,mahoning,174,753.4094293,42174,19,6257,6,14030,61455
OH-505,Ohio,montgomery,montgomery,656,1014.385579,79459,15,13845,5,32966,102217
OH-505,Ohio,kettering,montgomery,656,1014.385579,79459,15,13845,5,32966,102217
OH-505,Ohio,dayton,montgomery,656,1014.385579,79459,15,13845,5,32966,102217
OH-506,Ohio,summit,summit,441,916.8826351,65938,12,14434,5,28145,112545
OH-506,Ohio,barberton,summit,441,916.8826351,65938,12,14434,5,28145,112545
OH-506,Ohio,akron,summit,441,916.8826351,65938,12,14434,5,28145,112545
OH-508,Ohio,stark,stark,247,830.5120385,46583,12,9528,5,20179,100003
OH-508,Ohio,alliance,mahoning,247,753.4094293,42174,19,6257,6,14030,61455
OH-508,Ohio,massillon,stark,247,830.5120385,46583,12,9528,5,20179,100003
OH-508,Ohio,canton,stark,247,830.5120385,46583,12,9528,5,20179,100003
OK-501,Oklahoma,tulsa,tulsa,1063,1115.692557,97613,14,13687,4,44514,110919
OK-502,Oklahoma,oklahoma,oklahoma,1339,1150.438539,599003,15,127511,16,16556,4
OK-504,Oklahoma,cleveland,cleveland,197,1179.105855,35293,12,4877,3,14988,47144
OK-504,Oklahoma,norman,cleveland,197,1179.105855,35293,12,4877,3,14988,47144
OR-500,Oregon,lane,lane,2880,1467.180169,53989,14,10081,5,18736,59763
OR-500,Oregon,springfield,lane,2880,1467.180169,53989,14,10081,5,18736,59763
OR-500,Oregon,eugene,lane,2880,1467.180169,53989,14,10081,5,18736,59763
OR-501,Oregon,multnomah,multnomah,5228,1561.870437,97458,12,25302,5,45545,101565
OR-501,Oregon,gresham,multnomah,5228,1561.870437,97458,12,25302,5,45545,101565
OR-501,Oregon,portland,multnomah,5228,1561.870437,97458,12,25302,5,45545,101565
OR-502,Oregon,jackson,jackson,1251,1605.005623,29803,13,5865,5,14539,40224
OR-502,Oregon,ashland,jackson,1251,1605.005623,29803,13,5865,5,14539,40224
OR-502,Oregon,medford,jackson,1251,1605.005623,29803,13,5865,5,14539,40224
OR-504,Oregon,polk,polk,1805,1423.458595,9611,11,2051,4,4729,12871
OR-504,Oregon,marion,marion,1805,1425.989229,44959,13,8575,5,32694,58589
OR-504,Oregon,salem,marion,1805,1425.989229,44959,13,8575,5,32694,58589
OR-506,Oregon,washington,washington,808,1699.523055,51019,8,14435,4,28950,71481
OR-506,Oregon,beaverton,washington,808,1699.523055,51019,8,14435,4,28950,71481
OR-506,Oregon,boro,washington,808,1699.523055,51019,8,14435,4,28950,71481
OR-507,Oregon,clackamas,clackamas,571,1735.060175,35044,8,10840,4,16842,64399
PA-500,Pennsylvania,philadelphia,philadelphia,4489,1555.876907,341533,22,none,none,147268,343452
PA-501,Pennsylvania,dauphin,dauphin,423,1121.828401,33359,11,8648,6,17911,64805
PA-501,Pennsylvania,harrisburg,dauphin,423,1121.828401,33359,11,8648,6,17911,64805
PA-502,Pennsylvania,delaware,delaware,335,1447.488423,55843,10,17558,5,25666,109181
PA-502,Pennsylvania,chester,chester,335,1760.444625,34996,6,11603,4,19947,72108
PA-502,Pennsylvania,darby,delaware,335,1447.488423,55843,10,17558,5,25666,109181
PA-503,Pennsylvania,luzerne,luzerne,150,952.3463868,40126,12,12185,7,22658,88518
PA-503,Pennsylvania,hazleton,luzerne,150,952.3463868,40126,12,12185,7,22658,88518
PA-504,Pennsylvania,montgomery,montgomery,568,1717.971556,58621,7,21686,4,32006,136362
PA-504,Pennsylvania,norristown,montgomery,568,1717.971556,58621,7,21686,4,32006,136362
PA-505,Pennsylvania,chester,chester,402,1760.444625,34996,6,11603,4,19947,72108
PA-506,Pennsylvania,berks,berks,573,1061.335985,53947,12,13152,6,36218,106288
PA-506,Pennsylvania,reading,berks,573,1061.335985,53947,12,13152,6,36218,106288
PA-508,Pennsylvania,lackawanna,lackawanna,188,1004.520454,28502,13,6709,6,12847,55017
PA-508,Pennsylvania,scranton,lackawanna,188,1004.520454,28502,13,6709,6,12847,55017
PA-510,Pennsylvania,lancaster,lancaster,472,1170.380105,47460,8,13485,4,50736,127880
PA-511,Pennsylvania,bucks,bucks,427,1807.915527,41492,6,17386,5,25470,128121
PA-512,Pennsylvania,york,york,358,1094.448488,41594,9,12235,5,29267,123317
PA-600,Pennsylvania,allegheny,allegheny,880,1251.029568,136011,11,36570,5,44384,234448
PA-600,Pennsylvania,penn,moreland,880,912.6604513,38934,11,10570,6,13441,94051
PA-600,Pennsylvania,mckeesport,allegheny,880,1251.029568,136011,11,36570,5,44384,234448
PA-600,Pennsylvania,pittsburgh,allegheny,880,1251.029568,136011,11,36570,5,44384,234448
PA-603,Pennsylvania,beaver,beaver,103,926.7596363,18184,11,5550,6,6722,45305
PA-605,Pennsylvania,erie,erie,298,836.5001548,40564,15,8748,6,15628,69820
SC-500,South Carolina,charleston,charleston,324,1521.03965,55612,13,7480,3,20645,60891
SC-501,South Carolina,spartanburg,spartanburg,1263,1196.774496,44859,13,6079,3,27324,67289
SC-501,South Carolina,anderson,anderson,1263,1007.266333,32461,15,3302,3,19741,42521
SC-501,South Carolina,greenville,greenville,1263,1393.383228,56924,10,8617,3,36661,82361
SC-502,South Carolina,columbia,lexington,987,1285.70646,32988,11,4522,3,19420,54996
SC-503,South Carolina,sumter,sumter,1034,1043.144491,20439,20,1926,4,8296,22075
SC-503,South Carolina,myrtle,horry,1034,1505.232118,45501,12,7359,5,23048,85006
TN-500,Tennessee,chattanooga,hamilton,3392,1303.165481,45470,12,7805,4,24402,64205
TN-501,Tennessee,shelby,shelby,1055,1252.101157,163230,18,31285,7,65515,168383
TN-501,Tennessee,memphis,shelby,1055,1252.101157,163230,18,31285,7,65515,168383
TN-502,Tennessee,knox,knox,1178,1400.193325,57580,12,8505,3,25090,79944
TN-502,Tennessee,knoxville,knox,1178,1400.193325,57580,12,8505,3,25090,79944
TN-504,Tennessee,davidson,davidson,1916,1606.713921,101651,15,17690,4,48693,104797
TN-504,Tennessee,nashville,davidson,1916,1606.713921,101651,15,17690,4,48693,104797
TN-506,Tennessee,cumberland,cumberland,382,none,9180,14,1135,5,5298,18196
TN-507,Tennessee,jackson,jackson,906,none,2453,21,218,4,1625,3922
TN-510,Tennessee,rutherford,rutherford,371,1567.006153,30038,8,6883,3,16271,58332
TN-510,Tennessee,murfreesboro,rutherford,371,1567.006153,30038,8,6883,3,16271,58332
TN-512,Tennessee,cocke,cocke,588,none,7563,21,855,5,4217,12245
TN-512,Tennessee,campbell,campbell,588,none,7730,19,743,5,5663,11328
TN-512,Tennessee,sevier,sevier,588,none,12973,13,2248,4,9440,24848
TN-512,Tennessee,blount,blount,588,1331.204576,13065,9,2351,3,9860,34623
TN-512,Tennessee,morristown,hamblen,588,none,11667,18,1178,4,6708,17036
TX-500,Texas,bexar,bexar,2995,1317.403244,293859,14,50953,5,187071,311876
TX-500,Texas,sanantonio,bexar,2995,1317.403244,293859,14,50953,5,187071,311876
TX-503,Texas,travis,travis,3157,1626.846168,143340,11,31554,4,82571,138636
TX-503,Texas,austin,austin,3157,none,3122,10,765,5,2634,6949
TX-600,Texas,irving,dallas,4410,1498.995553,368709,14,76437,5,323421,379095
TX-600,Texas,dallas,dallas,4410,1498.995553,368709,14,76437,5,323421,379095
TX-601,Texas,tarrant,tarrant,1665,1518.729766,242783,11,58718,5,179770,318869
TX-601,Texas,arlington,tarrant,1665,1518.729766,242783,11,58718,5,179770,318869
TX-601,Texas,fortworth,tarrant,1665,1518.729766,242783,11,58718,5,179770,318869
TX-603,Texas,elpaso,elpaso,836,1295.692671,171242,20,22603,6,107438,126250
TX-604,Texas,mclennan,mclennan,195,1313.259956,37352,14,6033,4,21411,42373
TX-604,Texas,waco,mclennan,195,1313.259956,37352,14,6033,4,21411,42373
TX-611,Texas,amarillo,potter,661,874.2632261,22716,20,2372,4,17769,23774
TX-624,Texas,archer,archer,249,none,829,9,171,4,563,2295
TX-624,Texas,wichita,wichita,249,938.9136468,17237,14,2962,5,9873,27245
TX-624,Texas,palopinto,palopinto,249,none,4212,14,738,5,2543,7074
TX-624,Texas,wise,wise,249,none,7216,10,1626,4,6455,15481
TX-624,Texas,wichitafalls,wichita,249,938.9136468,17237,14,2962,5,9873,27245
TX-700,Texas,montgomery,montgomery,3124,1553.484855,67809,10,16978,5,41383,91933
TX-700,Texas,harris,harris,3124,1424.51981,767505,16,146279,6,545847,685095
TX-700,Texas,conroe,montgomery,3124,1553.484855,67809,10,16978,5,41383,91933
TX-700,Texas,pasadena,harris,3124,1424.51981,767505,16,146279,6,545847,685095
TX-700,Texas,houston,houston,3124,none,3915,19,519,4,3337,5977
TX-701,Texas,brazos,brazos,86,1239.958929,50154,22,5070,4,14098,26178
TX-701,Texas,collegestation,brazos,86,1239.958929,50154,22,5070,4,14098,26178
TX-701,Texas,bryan,brazos,86,1239.958929,50154,22,5070,4,14098,26178
UT-500,Utah,saltlake,saltlake,2095,1428.211588,103046,8,18462,2,61229,166397
UT-504,Utah,provo,utah,241,1532.582087,286086,8,54542,8,7913,2
VA-500,Virginia,hanover,hanover,697,1675.521496,7297,6,1725,3,4694,19113
VA-500,Virginia,chesterfield,chesterfield,697,1423.727727,26947,7,6826,3,18029,55077
VA-500,Virginia,henrico,henrico,697,1479.480222,23099,7,7123,4,16841,50538
VA-500,Virginia,richmond,richmond,697,1276.959639,1250,16,140,3,1525,2228
VA-501,Virginia,ampton,ampton,738,none,2089,17,2316,14,285,5
VA-501,Virginia,isleofwight,isleofwight,738,none,3205,8,673,3,2483,8090
VA-501,Virginia,suffolk,suffolk,738,1436.373213,none,none,none,none,none,none
VA-501,Virginia,chesapeake,chesapeake,738,1599.605191,none,none,none,none,none,none
VA-501,Virginia,norfolk,norfolk,738,1329.204025,none,none,none,none,none,none
VA-502,Virginia,salem,salem,216,none,none,none,none,none,none,none
VA-502,Virginia,roanoke,roanoke,216,913.3445822,none,7597,8,1538,3,4521
VA-503,Virginia,virginia,virginia,352,1563.566173,862792,10,none,none,none,none
VA-504,Virginia,charlottesville,charlottesville,266,1413.150014,none,none,none,none,none,none
VA-505,Virginia,virginia,virginia,419,1563.566173,862792,10,none,none,none,none
VA-505,Virginia,hampton,hampton,419,1268.781605,none,none,none,none,none,none
VA-505,Virginia,newportnews,newportnews,419,1229.351365,none,none,none,none,none,none
VA-507,Virginia,portsmouth,portsmouth,120,1138.997019,none,none,none,none,none,none
VA-508,Virginia,lynchburg,lynchburg,84,960.4801339,none,none,none,none,none,none
VA-513,Virginia,winchester,winchester,426,none,none,none,none,none,none,none
VA-513,Virginia,harrisonburg,harrisonburg,426,none,none,none,none,none,none,none
VA-514,Virginia,stafford,stafford,253,1801.146988,8443,5,2685,3,6724,21840
VA-514,Virginia,spotsylvania,spotsylvania,253,1642.090707,10287,7,2567,3,7807,25127
VA-514,Virginia,fredericksburg,fredericksburg,253,1626.727301,none,none,none,none,none,none
VA-600,Virginia,arlington,arlington,182,2128.729367,18150,7,4583,3,8860,12874
VA-601,Virginia,fairfax,fairfax,1191,2020.69577,1937.228978,79572,7,21742,3,51874
VA-602,Virginia,loudoun,loudoun,99,2204.570653,15315,3,7004,3,15832,30890
VA-603,Virginia,alexandria,alexandria,120,1883.555984,none,none,none,none,none,none
VA-604,Virginia,princewilliam,princewilliam,241,1829.232285,30613,6,9672,3,31771,61443
VT-501,Vermont,chittenden,chittenden,668,1642.949293,15931,10,2915,3,5544,19982
VT-501,Vermont,burlington,chittenden,668,1642.949293,15931,10,2915,3,5544,19982
WA-500,Washington,king,king,13368,1999.26669,205784,9,52974,4,101861,238797
WA-500,Washington,seattle,king,13368,1999.26669,205784,9,52974,4,101861,238797
WA-502,Washington,spokane,spokane,1757,1387.980823,59848,11,14142,5,21314,84675
WA-503,Washington,pierce,pierce,1851,1693.477829,74284,8,27193,6,48744,162800
WA-503,Washington,lakewood,pierce,1851,1693.477829,74284,8,27193,6,48744,162800
WA-503,Washington,tacoma,pierce,1851,1693.477829,74284,8,27193,6,48744,162800
WA-504,Washington,snohomish,snohomish,1184,1847.55459,59505,7,20966,4,40876,133217
WA-504,Washington,everett,snohomish,1184,1847.55459,59505,7,20966,4,40876,133217
WA-508,Washington,clark,clark,1197,1686.624229,45938,9,13490,5,23678,84308
WA-508,Washington,vancouver,clark,1197,1686.624229,45938,9,13490,5,23678,84308
WI-501,Wisconsin,milwaukee,milwaukee,832,1143.367784,161890,17,25167,5,67517,178071
WI-502,Wisconsin,racine,racine,193,955.1288495,23827,12,4662,4,11194,41240
WI-503,Wisconsin,dane,dane,701,1261.980059,62409,11,9444,2,14439,64956
WI-503,Wisconsin,madison,dane,701,1261.980059,62409,11,9444,2,14439,64956
WV-500,West Virginia,weirton,hancock,122,none,4223,14,813,6,2176,8667
WV-500,West Virginia,wheeling,ohio,122,none,5793,14,1043,5,2097,9841
WV-501,West Virginia,wayne,wayne,235,none,6189,16,806,5,5169,10780
WV-501,West Virginia,cabell,cabell,235,731.3361258,17022,19,1934,4,6799,20562
WV-501,West Virginia,huntington,cabell,235,731.3361258,17022,19,1934,4,6799,20562
WV-503,West Virginia,clay,clay,298,none,1745,22,234,7,1119,2918
WV-503,West Virginia,boone,boone,298,none,5219,24,437,6,2501,7418
WV-503,West Virginia,putnam,putnam,298,none,5725,10,1141,4,3051,14775
WV-503,West Virginia,kanawha,kanawha,298,760.9028972,27810,15,4231,5,12802,48268
WV-503,West Virginia,charleston,kanawha,298,760.9028972,27810,15,4231,5,12802,48268